{"cameraMode":{"drawMode":0,"name":"Shaded","section":"Shading Mode"},"sceneLighting":true,"audioPlay":false,"sceneViewState":{"showFog":true,"showMaterialUpdate":false,"showSkybox":true,"showFlares":true,"showImageEffects":true,"showParticleSystems":true},"in2DMode":true,"pivot":{"x":-0.728515625,"y":1.30029296875,"z":-3.427734375},"rotation":{"x":-0.13141462206840516,"y":-0.08702214062213898,"z":0.011581582017242909,"w":-0.9874326586723328},"size":14.502880096435547,"orthographic":true}