{"cameraMode":{"drawMode":0,"name":"Shaded","section":"Shading Mode"},"sceneLighting":true,"audioPlay":false,"sceneViewState":{"showFog":true,"showMaterialUpdate":false,"showSkybox":true,"showFlares":true,"showImageEffects":true,"showParticleSystems":true},"in2DMode":true,"pivot":{"x":-2.9238576889038088,"y":-2.9913740158081056,"z":23.896427154541017},"rotation":{"x":0.0007109395228326321,"y":0.9990355968475342,"z":0.01767520047724247,"w":-0.040181998163461688},"size":28.706802368164064,"orthographic":false}