{"cameraMode":{"drawMode":0,"name":"Shaded","section":"Shading Mode"},"sceneLighting":true,"audioPlay":false,"sceneViewState":{"showFog":true,"showMaterialUpdate":false,"showSkybox":true,"showFlares":true,"showImageEffects":true,"showParticleSystems":true},"in2DMode":true,"pivot":{"x":8.220793724060059,"y":0.015528678894042969,"z":0.6398124694824219},"rotation":{"x":0.06910332292318344,"y":-0.06579820066690445,"z":0.004567775409668684,"w":0.9954268336296082},"size":17.507728576660158,"orthographic":false}