{"cameraMode":{"drawMode":0,"name":"Shaded","section":"Shading Mode"},"sceneLighting":true,"audioPlay":false,"sceneViewState":{"showFog":true,"showMaterialUpdate":false,"showSkybox":true,"showFlares":true,"showImageEffects":true,"showParticleSystems":true},"in2DMode":false,"pivot":{"x":-3.0967631340026857,"y":1.4060173034667969,"z":0.8879146575927734},"rotation":{"x":0.15468429028987885,"y":0.11119873076677323,"z":-0.01752438209950924,"w":0.981529712677002},"size":27.078960418701173,"orthographic":true}