{"cameraMode":{"drawMode":0,"name":"Shaded","section":"Shading Mode"},"sceneLighting":true,"audioPlay":false,"sceneViewState":{"showFog":true,"showMaterialUpdate":false,"showSkybox":true,"showFlares":true,"showImageEffects":true,"showParticleSystems":true},"in2DMode":true,"pivot":{"x":0.6016845703125,"y":-0.00537109375,"z":-6.701171875},"rotation":{"x":0.019185306504368783,"y":0.020092735067009927,"z":0.0003832961665466428,"w":-0.9996140003204346},"size":15.184481620788575,"orthographic":true}